Date,Open,High,Low,Close,Adj Close,Volume
1985-01-01,0.09957958651356433,0.10641801408511538,0.09530604717184257,0.09915222972631454,6366416000,0.09915222972631454
1985-02-01,0.09915222750438489,0.10513595277965584,0.08462142944335938,0.08462142944335938,4733388800,0.08462142944335938
1985-03-01,0.08462142892800859,0.08889496814793724,0.07094533879946242,0.07564622908830643,4615587200,0.07564622908830643
1985-04-01,0.07564620522901727,0.07863844921704674,0.06709913519111468,0.07265473157167435,2868028800,0.07265473157167435
1985-05-01,0.07265472089873802,0.07607355069413624,0.057696578772526035,0.05940599367022514,4639129600,0.05940599367022514
1985-06-01,0.058123969423735294,0.06325221762658946,0.05043083249450976,0.061542801558971405,5811388800,0.061542801558971405
1985-07-01,0.06197013031224149,0.062397487027677084,0.05427776649594307,0.05427776649594307,2600595200,0.05427776649594307
1985-08-01,0.05427774883546054,0.05513245628207927,0.04957609040156234,0.051285505294799805,1818745600,0.051285505294799805
1985-09-01,0.0512855173509665,0.05897865080345097,0.050430809703423646,0.05385040491819382,1797196800,0.05385040491819382
1985-10-01,0.053850403781088095,0.06581707521859849,0.05128551626802097,0.063679538667202,3785913600,0.063679538667202
1985-11-01,0.0636795256431708,0.07094530648550523,0.0636795256431708,0.06880854070186615,2884672000,0.06880854070186615
1985-12-01,0.06880852494337775,0.07821106941598602,0.06581704668400673,0.07521882653236389,3571209600,0.07521882653236389
1986-01-01,0.07521886262579001,0.08462141161016827,0.0743641549567209,0.07906581461429596,6291801600,0.07906581461429596
1986-02-01,0.07906582475963564,0.09145984932301943,0.0782111169808946,0.08547613024711609,3420860800,0.08547613024711609
1986-03-01,0.08547611685922146,0.10128897576699837,0.08291199392461006,0.09658807516098022,4264332800,0.09658807516098022
1986-04-01,0.09658808557356285,0.11197358946444663,0.08975042938362607,0.10342652350664139,4462684800,0.10342652350664139
1986-05-01,0.10342653196277506,0.12821458190597484,0.10171711634899078,0.12650516629219055,4954051200,0.12650516629219055
1986-06-01,0.12650516044356055,0.13377017931934226,0.11111889138136276,0.12265820801258087,4063360000,0.12265820801258087
1986-07-01,0.12265818037065597,0.12906926036513702,0.10257179059228388,0.10684533417224884,5691638400,0.10684533417224884
1986-08-01,0.10641800643382014,0.1299239975197591,0.10470859082003586,0.12650516629219055,3643516800,0.12650516629219055
1986-09-01,0.1269324469658417,0.1269324469658417,0.10812735723643821,0.11453842371702194,3578198400,0.11453842371702194
1986-10-01,0.11411112249173357,0.12052142745316644,0.11026417032529717,0.11838466674089432,2984038400,0.11838466674089432
1986-11-01,0.11881205472162565,0.14103599024428468,0.11582056839487974,0.13676168024539948,5206163200,0.13676168024539948
1986-12-01,0.13676166155386352,0.15001115911006752,0.13377018704828067,0.1384718418121338,4762576000,0.1384718418121338
1987-01-01,0.13804449057407245,0.19574033757211984,0.1371890238044884,0.18975737690925598,8268915200,0.18975737690925598
1987-02-01,0.18975730977544245,0.24403429475481317,0.17650858100112218,0.2393334060907364,6616176000,0.2393334060907364
1987-03-01,0.2401881899448704,0.24104288062620696,0.21283601110177583,0.22052836418151855,5959318400,0.22052836418151855
1987-04-01,0.21540002634485095,0.2735239636219456,0.21326325500857882,0.2709598243236542,6813161600,0.2709598243236542
1987-05-01,0.2718146767821719,0.28121723325943854,0.24788132825103135,0.2701052725315094,3838956800,0.2701052725315094
1987-06-01,0.27222839181355485,0.2961981680540299,0.2602435036933173,0.27736443281173706,3497536000,0.27736443281173706
1987-07-01,0.2790764091777415,0.30647099243099024,0.24997059741861788,0.282501220703125,3070256000,0.282501220703125
1987-08-01,0.280788442268199,0.37153149799249413,0.2739403958455418,0.3698194921016693,3119300800,0.3698194921016693
1987-09-01,0.37544023512471236,0.40287023384460413,0.33258217394542305,0.38744059205055237,3075486400,0.38744059205055237
1987-10-01,0.38915493759207287,0.40972726472302223,0.18943478756929638,0.26486554741859436,6575699200,0.26486554741859436
1987-11-01,0.2657225925378382,0.27429453494250655,0.2091491505793821,0.22629301249980927,4234238400,0.22629301249980927
1987-12-01,0.23022240019042073,0.3006637406845888,0.20445134366552037,0.2886371910572052,4702264000,0.2886371910572052
1988-01-01,0.2937911143726565,0.31784421596618184,0.2628661600916033,0.2852012813091278,6221600000,0.2852012813091278
1988-02-01,0.28691923289674987,0.3006637397516169,0.2594301962481928,0.29550984501838684,3368467200,0.29550984501838684
1988-03-01,0.29781408642253704,0.3288000602902021,0.2668273310964946,0.2754349112510681,4882102400,0.2754349112510681
1988-04-01,0.2737135159218037,0.29178853152774786,0.26510595958139604,0.2823202908039093,3297929600,0.2823202908039093
1988-05-01,0.28059904590351986,0.29695348008073413,0.2573591801515084,0.2857638895511627,2638507200,0.2857638895511627
1988-06-01,0.28632926491691907,0.32255161391882203,0.28460451288254135,0.3191013038158417,3534731200,0.3191013038158417
1988-07-01,0.32082680774940653,0.327725837752352,0.29150349486246285,0.30616477131843567,2186419200,0.30616477131843567
1988-08-01,0.3070271988705583,0.31565178842613656,0.270804848525045,0.27511754631996155,2653313600,0.27511754631996155
1988-09-01,0.27477203709934106,0.30587783876708385,0.26094716201194,0.29896578192710876,3060321600,0.29896578192710876
1988-10-01,0.29723789592953725,0.29896589928135436,0.259218453537092,0.26699531078338623,3563649600,0.26699531078338623
1988-11-01,0.2661311826723582,0.27477202632750924,0.24539346707755444,0.2600831389427185,2939865600,0.2600831389427185
1988-12-01,0.2616358898762883,0.2910912036895752,0.2599025167342006,0.2789624035358429,2946070400,0.2789624035358429
1989-01-01,0.27896228673975587,0.3049524396229726,0.25123954799076476,0.26163578033447266,7345833600,0.26163578033447266
1989-02-01,0.26163573909548204,0.278962242769764,0.24430842573690303,0.25123950839042664,4886268800,0.25123950839042664
1989-03-01,0.25193235357585775,0.25366971713357617,0.23281991618768313,0.24758820235729218,3859676800,0.24758820235729218
1989-04-01,0.24671945161098313,0.2892876769869271,0.23542589571378833,0.27104392647743225,3966424000,0.27104392647743225
1989-05-01,0.2675692512940595,0.34054268346516664,0.2675692512940595,0.3318551480770111,5253382400,0.3318551480770111
1989-06-01,0.33258216297066123,0.34999529835228527,0.2751208527755027,0.2873097360134125,3941280000,0.2873097360134125
1989-07-01,0.2907921418252818,0.292533288515075,0.2629320511543154,0.27686208486557007,3688630400,0.27686208486557007
1989-08-01,0.27686192879501825,0.3186520296196338,0.2733788236829071,0.3099454641342163,3352305600,0.3099454641342163
1989-09-01,0.31068095564842224,0.3263901300732747,0.30020924466466187,0.31068095564842224,2020849600,0.31068095564842224
1989-10-01,0.31068093758623855,0.35169836798881804,0.29671785699566466,0.3246448338031769,4125049600,0.3246448338031769
1989-11-01,0.3228986908679207,0.3298806378949455,0.2967178110365927,0.30893561244010925,2524939200,0.30893561244010925
1989-12-01,0.3114465125102404,0.3201952434005273,0.22746153666531718,0.24670778214931488,5941185600,0.24670778214931488
1990-01-01,0.24670766460532886,0.27120347335135975,0.22483625661836348,0.23795893788337708,3747497600,0.23795893788337708
1990-02-01,0.24145890980924523,0.24670766460532886,0.22571103351036165,0.23795893788337708,2483891200,0.23795893788337708
1990-03-01,0.23521513094461555,0.30455126896111756,0.23345991709957953,0.28260937333106995,4556473600,0.28260937333106995
1990-04-01,0.2808541713605531,0.3106945657093458,0.2676891881054032,0.27646610140800476,3642475200,0.27646610140800476
1990-05-01,0.2790988611914438,0.3001623367424246,0.27207716363996615,0.2896310091018677,4115630400,0.2896310091018677
1990-06-01,0.29131471936537695,0.31595763306265673,0.26403086902276285,0.31507760286331177,3952054400,0.31507760286331177
1990-07-01,0.31331667547448205,0.33619950374221474,0.2816334047936593,0.29571494460105896,4163812800,0.29571494460105896
1990-08-01,0.295714936597317,0.3080363922888719,0.23586774187426024,0.26051065325737,3128339200,0.26051065325737
1990-09-01,0.25776729508495116,0.2648289345304354,0.19244295201527986,0.20480166375637054,2206948800,0.20480166375637054
1990-10-01,0.20833243358787265,0.2259873637931964,0.17125633291343606,0.21716029942035675,5056116800,0.21716029942035675
1990-11-01,0.21539405303565218,0.2718912959098816,0.21009781956672668,0.2595326006412506,3254608000,0.2595326006412506
1990-12-01,0.26394299551147477,0.32062913952006294,0.26217166585419616,0.3046864867210388,4094092800,0.3046864867210388
1991-01-01,0.30291421772933436,0.3968003712420002,0.29760027843150016,0.393257737159729,7037307200,0.393257737159729
1991-02-01,0.3932578775809635,0.4410866358489436,0.38794313224644855,0.40565791726112366,5545780800,0.40565791726112366
1991-03-01,0.4047363458211698,0.4988192590729698,0.4047363458211698,0.4828430414199829,5210598400,0.4828430414199829
1991-04-01,0.4828431058512248,0.5201214260342878,0.3869843413859937,0.3905344307422638,7243051200,0.3905344307422638
1991-05-01,0.34083001848366457,0.3816592356094311,0.312427714451015,0.3337298631668091,7972843200,0.3337298631668091
1991-06-01,0.3345837530034451,0.3523804014323458,0.28653172347056755,0.295430451631546,4091662400,0.295430451631546
1991-07-01,0.3007692740204994,0.3434825667931796,0.29721012403529784,0.3292442560195923,3783494400,0.3292442560195923
1991-08-01,0.3274646303454184,0.3950936971419328,0.32568503186667896,0.37729623913764954,4172649600,0.37729623913764954
1991-09-01,0.3763644378489236,0.3817160724898119,0.3317719597674386,0.3531759977340698,2393070400,0.3531759977340698
1991-10-01,0.35139238107500514,0.40133651755392474,0.3317719593777521,0.36744561791419983,3593990400,0.36744561791419983
1991-11-01,0.365661998150023,0.3942020707387232,0.33890632757405603,0.36209478974342346,3696033600,0.36209478974342346
1991-12-01,0.3629656712852605,0.414817807729646,0.3468738256826586,0.40319567918777466,2607169600,0.40319567918777466
1992-01-01,0.3987259217678804,0.49348986766119346,0.3969380160265722,0.4630940854549408,4703160000,0.4630940854549408
1992-02-01,0.46309390130385125,0.500642055463623,0.44163756084640465,0.48276233673095703,2534996800,0.48276233673095703
1992-03-01,0.4854566915169959,0.4908303926934906,0.4138023517888935,0.4173848032951355,2985662400,0.4173848032951355
1992-04-01,0.41021988275355775,0.4388812634465192,0.3797664153673076,0.43081989884376526,3931390400,0.43081989884376526
1992-05-01,0.4299242723208069,0.4532120011031811,0.41738480700366765,0.4281330704689026,2703724800,0.4281330704689026
1992-06-01,0.4102198800258004,0.42634179594165855,0.30632085098760375,0.34393924474716187,4851683200,0.34393924474716187
1992-07-01,0.3446311338842073,0.3554009946182406,0.312322414430884,0.33565694093704224,3632809600,0.33565694093704224
1992-08-01,0.3356569575391693,0.3392466396886355,0.2979628864626543,0.3302716314792633,2746531200,0.3302716314792633
1992-09-01,0.33295883608036253,0.3599562414359869,0.31496139887106794,0.3248603641986847,3055662400,0.3248603641986847
1992-10-01,0.32216089873936654,0.3887525125620451,0.29876363741010437,0.3779537081718445,3531427200,0.3779537081718445
1992-11-01,0.37795370614125473,0.4283475336267553,0.3707542309171051,0.4139494001865387,3126547200,0.4139494001865387
1992-12-01,0.413026670098147,0.4418841563530023,0.3931865914300011,0.43106240034103394,3334318400,0.43106240034103394
1993-01-01,0.4292588233947754,0.47074156436477044,0.41302660144800246,0.4292588233947754,5542264000,0.4292588233947754
1993-02-01,0.4274554268185568,0.4436877010555078,0.37154308807121594,0.3823648691177368,4651281600,0.3823648691177368
1993-03-01,0.38319872622344936,0.41754225998267425,0.36331622344254394,0.37235334515571594,3661526400,0.37235334515571594
1993-04-01,0.370545893907547,0.37958383526096773,0.3380105985795928,0.370545893907547,3914411200,0.370545893907547
1993-05-01,0.37054584569532834,0.42748382384213174,0.3687384072862123,0.40940794348716736,3200545600,0.40940794348716736
1993-06-01,0.40935825055161346,0.4220374963191276,0.2789434068853123,0.2861890494823456,7674396800,0.2861890494823456
1993-07-01,0.2825658262440735,0.288000251838413,0.18475507725520868,0.20105673372745514,7142912000,0.20105673372745514
1993-08-01,0.20467911553166443,0.2227928100382951,0.18747187600251383,0.1919998824596405,3683164800,0.1919998824596405
1993-09-01,0.19284490326039536,0.19648325604240138,0.16737480634447638,0.17010356485843658,3668022400,0.17010356485843658
1993-10-01,0.16555557855795774,0.234688316413924,0.1600980510791981,0.2237732857465744,5905323200,0.2237732857465744
1993-11-01,0.22377326168239303,0.2547008626990848,0.2164957332942221,0.22923077642917633,3452108800,0.22923077642917633
1993-12-01,0.23370599386430713,0.23735824917067494,0.19353785272933696,0.2136223316192627,3956971200,0.2136223316192627
1994-01-01,0.21544808139015817,0.25744191612938105,0.20997010003966649,0.23918397724628448,7332035200,0.23918397724628448
1994-02-01,0.2410097196759271,0.27935215457968476,0.23553173794362356,0.2665713429450989,4284459200,0.2665713429450989
1994-03-01,0.26936150616721105,0.28218824455612584,0.2308812910004666,0.2437080293893814,5257985600,0.2437080293893814
1994-04-01,0.23637814389580056,0.2510380030981932,0.19789793399722896,0.21988685429096222,4042136000,0.21988685429096222
1994-05-01,0.21988680460765686,0.24737256649776845,0.20889235306124723,0.21438999474048615,3361657600,0.21438999474048615
1994-06-01,0.2097171372041631,0.21063689760841756,0.18120310325362826,0.19500024616718292,4671788800,0.19500024616718292
1994-07-01,0.1940804955652808,0.2501887936151082,0.18672247336376097,0.2478894293308258,4848065600,0.2478894293308258
1994-08-01,0.24742959532525793,0.275023889070274,0.2363917304572617,0.2662862241268158,4574897600,0.2662862241268158
1994-09-01,0.2612086131063957,0.27505354948964567,0.24644075490448186,0.24874810874462128,3232644800,0.24874810874462128
1994-10-01,0.24828658163735975,0.3230496938832293,0.23998013877904326,0.31889647245407104,7713484800,0.31889647245407104
1994-11-01,0.31658908201568503,0.32108799803389804,0.2685928971984034,0.275053471326828,4048945600,0.275053471326828
1994-12-01,0.274029365537422,0.2953225123209818,0.25736567102201846,0.2888416647911072,3787795200,0.2888416647911072
1995-01-01,0.28791600903908976,0.35596031340062007,0.28051027795393924,0.29902544617652893,8162100800,0.29902544617652893
1995-02-01,0.3018025585683578,0.3295756912612393,0.2814359719988817,0.2925454080104828,5299347200,0.2925454080104828
1995-03-01,0.29520615884336887,0.3026322483791769,0.25157456731422645,0.26178625226020813,6997144000,0.26178625226020813
1995-04-01,0.2636428642151105,0.29427797759857777,0.2497181056361794,0.2840662896633148,5674300800,0.2840662896633148
1995-05-01,0.2840662050658818,0.3295534883221489,0.2784957827276076,0.30866676568984985,6384672000,0.30866676568984985
1995-06-01,0.31184985274879506,0.37328915564399406,0.3090573526335901,0.3458278477191925,5521947200,0.3458278477191925
1995-07-01,0.3462932768247469,0.3714274927329949,0.32022821927006595,0.33512240648269653,5699579200,0.33512240648269653
1995-08-01,0.3341915334862835,0.3444307160637972,0.3118498197555995,0.3202281892299652,5292918400,0.3202281892299652
1995-09-01,0.3211023680204813,0.33977071849628604,0.25949535082004793,0.27816370129585266,7311483200,0.27816370129585266
1995-10-01,0.28189815271352825,0.29543294084529154,0.2510941971695137,0.2711634635925293,6498508800,0.2711634635925293
1995-11-01,0.2734968236455823,0.31736802722848323,0.26509560697899265,0.2846981883049011,4864294400,0.2846981883049011
1995-12-01,0.284648744533098,0.3005664028377544,0.236894919514543,0.23876747488975525,6560243200,0.23876747488975525
1996-01-01,0.2415763888674468,0.2659214658672496,0.20119704717696033,0.2069322168827057,10300214400,0.2069322168827057
1996-02-01,0.20599594712257385,0.22659503927280966,0.20412337852740417,0.20599594712257385,4652099200,0.20599594712257385
1996-03-01,0.20693220646368993,0.20693220646368993,0.17228717361695445,0.18399156630039215,3346750400,0.18399156630039215
1996-04-01,0.188204823945945,0.19850479288086356,0.1779057051157576,0.182587131857872,2867076800,0.182587131857872
1996-05-01,0.18258713628425474,0.2162958774486935,0.1760323035835056,0.19569595158100128,3603902400,0.19569595158100128
1996-06-01,0.19382341206560721,0.1947596900745694,0.14700583616405538,0.15730580687522888,4673939200,0.15730580687522888
1996-07-01,0.1582420706469456,0.17041460878240666,0.11985191289265545,0.16479690372943878,4803489600,0.16479690372943878
1996-08-01,0.16479692233402685,0.18726858268607466,0.1554332419187167,0.18165087699890137,3187374400,0.18165087699890137
1996-09-01,0.18071454225156247,0.18445966569940223,0.1516880571869269,0.16620129346847534,3213548800,0.16620129346847534
1996-10-01,0.16479687894021203,0.20786845734379367,0.16479687894021203,0.17228715121746063,5816977600,0.17228715121746063
1996-11-01,0.17509596456233342,0.19756845242810409,0.17322339684068228,0.18071451783180237,2581364800,0.18071451783180237
1996-12-01,0.18071451825352555,0.19101447209885325,0.15543317249551206,0.15636946260929108,4147483200,0.15636946260929108
1997-01-01,0.1582420859927488,0.16666948824349337,0.12359706158067538,0.12453418970108032,9072739200,0.12453418970108032
1997-02-01,0.1264067280674517,0.13389698790874296,0.11329791386435659,0.12172446399927139,4574169600,0.12172446399927139
1997-03-01,0.12359704493010629,0.14513324910946065,0.11891561797853857,0.13670586049556732,4502243200,0.13670586049556732
1997-04-01,0.13202445903900611,0.14887841441974214,0.1254704750430321,0.1273430436849594,3809724800,0.1273430436849594
1997-05-01,0.12640675823366523,0.1348333103795261,0.12266077106361171,0.12453418970108032,2292707200,0.12453418970108032
1997-06-01,0.12734304224082654,0.12827933280194379,0.10487054358576758,0.10674311220645905,2572304000,0.10674311220645905
1997-07-01,0.10440238308871912,0.13576956686617195,0.0955068432407728,0.13108815252780914,6782372800,0.13108815252780914
1997-08-01,0.1320243919819031,0.22144537181560892,0.13155625943534996,0.1629234403371811,17675705600,0.1629234403371811
1997-09-01,0.16479687106148896,0.17415971096042457,0.15730576153924647,0.16245532035827637,3606075200,0.16245532035827637
1997-10-01,0.1624553601618538,0.1853960018665604,0.11891562802936229,0.12757709622383118,6430043200,0.12757709622383118
1997-11-01,0.13155628404379463,0.16105090277195988,0.12640672505615755,0.132960706949234,5547483200,0.132960706949234
1997-12-01,0.13249254836340146,0.1343651162144039,0.09550682362237872,0.09831651300191879,5097792000,0.09831651300191879
1998-01-01,0.10206167551515787,0.14981468106937143,0.10112539134369818,0.13717401027679443,10211577600,0.13717401027679443
1998-02-01,0.13857926920220842,0.17884200710974135,0.13015188041663495,0.17696943879127502,7354166400,0.17696943879127502
1998-03-01,0.17650048206392915,0.20974108431291322,0.16198722847183772,0.20599594712257385,10625977600,0.20599594712257385
1998-04-01,0.20552776534845746,0.22191357212419943,0.18492783925321954,0.20505963265895844,8081886400,0.20505963265895844
1998-05-01,0.2059959387997347,0.23689500082913192,0.1919508435508272,0.1994411051273346,6803339200,0.1994411051273346
1998-06-01,0.1985047792752151,0.2172321476649283,0.1919507972873174,0.21489058434963226,3909841600,0.21489058434963226
1998-07-01,0.21629588257748375,0.28558509718806374,0.21348618629397853,0.2593674659729004,10927660800,0.2593674659729004
1998-08-01,0.2565586458827935,0.3277204235143816,0.2322135679768522,0.23361799120903015,13220872000,0.23361799120903015
1998-09-01,0.23502239731631572,0.30103463495532984,0.22940470479693675,0.28558510541915894,8080318400,0.28558510541915894
1998-10-01,0.2752852062884338,0.3094621031986111,0.21348624719412043,0.2780940532684326,12930926400,0.2780940532684326
1998-11-01,0.28090271450610294,0.29494866533155945,0.23783114730423988,0.23923559486865997,10123523200,0.23923559486865997
1998-12-01,0.2397038554038705,0.3108664871541019,0.2368950087810873,0.30665236711502075,12924105600,0.30665236711502075
1999-01-01,0.31554785144683045,0.35440613890502215,0.2776258293393532,0.3085257112979889,15127403200,0.3085257112979889
1999-02-01,0.3122709103817893,0.3141434914651998,0.2584312163650225,0.2607719302177429,8116516800,0.2607719302177429
1999-03-01,0.2607718642882533,0.27809394751829136,0.2397037947366502,0.2691992521286011,9951995200,0.2691992521286011
1999-04-01,0.2701355367894778,0.35300169009919036,0.250940023245836,0.34457430243492126,15888969600,0.34457430243492126
1999-05-01,0.3450423859918568,0.3745378635747201,0.3066522394735415,0.33006101846694946,8908905600,0.33006101846694946
1999-06-01,0.33708405036138495,0.3670468164725174,0.3150796896456754,0.34691503643989563,6918620800,0.34691503643989563
1999-07-01,0.3469150243870441,0.42416348793653963,0.33848846161207286,0.4171413481235504,11466582400,0.4171413481235504
1999-08-01,0.41667322831537096,0.4934535365757267,0.3904555986700008,0.4887712597846985,9244603200,0.4887712597846985
1999-09-01,0.5018801203943232,0.6001966905894043,0.430250240060621,0.47425806522369385,18967468800,0.47425806522369385
1999-10-01,0.465363483298891,0.607218955775012,0.4456998543797793,0.6001968383789062,14468496000,0.6001968383789062
1999-11-01,0.5992602988734529,0.7771650929955447,0.5791284713196996,0.7331572771072388,8624929600,0.7331572771072388
1999-12-01,0.7565661688245562,0.8839083090379392,0.6821265468917591,0.7701430916786194,9418214400,0.7701430916786194
2000-01-01,0.7855926727541633,0.910125971238642,0.6479496585229638,0.7771652340888977,12555177600,0.7771652340888977
2000-02-01,0.7790377353784236,0.8984223371142,0.7266024781864122,0.8586277365684509,7319782400,0.8586277365684509
2000-03-01,0.8881226260792411,1.126422040745356,0.8539457074257776,1.0173382759094238,8698356800,1.0173382759094238
2000-04-01,1.0149965300018886,1.0449601239500514,0.7855926988196573,0.9293214678764343,8662404800,0.9293214678764343
2000-05-01,0.9354074015550395,0.945707372266213,0.6123692982254644,0.6292232275009155,9807750400,0.6292232275009155
2000-06-01,0.61236926083802,0.8633093540906392,0.6020692907556985,0.7846564054489136,8105204800,0.7846564054489136
2000-07-01,0.780911310014351,0.9082535151647928,0.7022584097297502,0.7612476348876953,5746770400,0.7612476348876953
2000-08-01,0.7537572633204268,0.9213622123447796,0.6629318735811291,0.9129356741905212,5636086400,0.9129356741905212
2000-09-01,0.9185531615883898,0.9606884432899476,0.38015555066902446,0.385773241519928,14516930400,0.385773241519928
2000-10-01,0.3998192366534937,0.4007555268965506,0.26217626990241066,0.2930753231048584,21905788800,0.2930753231048584
2000-11-01,0.2912027252820778,0.3445742663281581,0.24157631998218182,0.24719488620758057,8488373600,0.24719488620758057
2000-12-01,0.2546851496514966,0.2621762717471403,0.20412331340446013,0.22284983098506927,8858970400,0.22284983098506927
2001-01-01,0.2228499346763895,0.33708417411990615,0.2162959498854845,0.3239753544330597,13709460800,0.3239753544330597
2001-02-01,0.3099301964564476,0.3286567323756437,0.2696674778979482,0.2734126150608063,7023766400,0.2734126150608063
2001-03-01,0.2668578207130032,0.35581068598259236,0.2574949639169854,0.3306417763233185,10799062400,0.3306417763233185
2001-04-01,0.33094115576229904,0.4062986168080291,0.2809028147063193,0.38187888264656067,11158991200,0.38187888264656067
2001-05-01,0.3806800280315741,0.40000638547311407,0.28914314389404994,0.29888099431991577,7468434400,0.29888099431991577
2001-06-01,0.30157744926240887,0.3760355335891021,0.2898923579186339,0.3483203649520874,7638265600,0.3483203649520874
2001-07-01,0.3541629114139244,0.37783343120053076,0.26741986155614983,0.28150272369384766,8655102400,0.28150272369384766
2001-08-01,0.28479817438959426,0.2981318188387672,0.25888005288667015,0.2779069244861603,5129359200,0.2779069244861603
2001-09-01,0.2771577291517922,0.28584690148620046,0.21992861648295506,0.23236292600631714,5531523200,0.23236292600631714
2001-10-01,0.2320632945037398,0.29094093029239676,0.22217525430941146,0.26307475566864014,7544247200,0.26307475566864014
2001-11-01,0.26442395485989884,0.322851120283714,0.25843123979354965,0.31910598278045654,5369744800,0.31910598278045654
2001-12-01,0.3155101491025924,0.36000546343529655,0.30097843134228164,0.32809460163116455,4629839200,0.32809460163116455
2002-01-01,0.33034213730037154,0.3704924324978993,0.3033752908706874,0.37034308910369873,8515376800,0.37034308910369873
2002-02-01,0.36464990190467267,0.38921980405385304,0.31371302619707675,0.32509860396385193,7837424000,0.32509860396385193
2002-03-01,0.3285442735454395,0.37903232587931096,0.3268965703132356,0.3546125888824463,5318583200,0.3546125888824463
2002-04-01,0.3502675108733869,0.392065558354178,0.34457430974868863,0.3636011779308319,6422836000,0.3636011779308319
2002-05-01,0.3639007865996559,0.3892198864109128,0.3316904362898705,0.3490687310695648,5976157600,0.3490687310695648
2002-06-01,0.35041789162231096,0.35131640275513576,0.23940441086121225,0.2654727101325989,8708016800,0.2654727101325989
2002-07-01,0.2653223803995517,0.2815026468375322,0.2067450708100462,0.22861771285533905,8118415200,0.22861771285533905
2002-08-01,0.2263701306688848,0.24344978426870725,0.2092913521768442,0.2209772914648056,5151686400,0.2209772914648056
2002-09-01,0.2170819593228342,0.22756902583790375,0.21049022252981364,0.21723215281963348,5291837600,0.21723215281963348
2002-10-01,0.2185803202930912,0.24629550551789417,0.20015249033421334,0.2407524734735489,6611432800,0.2407524734735489
2002-11-01,0.23880527919893701,0.26037841276679446,0.224872612204949,0.23221354186534882,4531721600,0.23221354186534882
2002-12-01,0.23820626735497744,0.24120221171117606,0.20644476412534396,0.21468506753444672,4530439200,0.21468506753444672
2003-01-01,0.21513478457927704,0.230415696092337,0.20314935491168146,0.21513478457927704,6045832800,0.21513478457927704
2003-02-01,0.21588313943326892,0.22921680977445774,0.20674513682686443,0.2248726487159729,4114303200,0.2248726487159729
2003-03-01,0.2248726734272425,0.22711942591768128,0.2103401285511839,0.2118385136127472,4028404800,0.2118385136127472
2003-04-01,0.2127370345628124,0.22397327152710353,0.19056488520531162,0.213037371635437,7775342400,0.213037371635437
2003-05-01,0.21348618483698062,0.2847981482563988,0.2097410482898688,0.2689182162284851,10811544800,0.2689182162284851
2003-06-01,0.2711648882364008,0.2949855918613191,0.24914208065294405,0.28554725646972656,6113335200,0.28554725646972656
2003-07-01,0.28270081693205845,0.32315148807374383,0.2773079508485972,0.31581053137779236,5218270400,0.31581053137779236
2003-08-01,0.31461160063603877,0.34232761881620655,0.2909410563788635,0.3387318253517151,4307564800,0.3387318253517151
2003-09-01,0.3394809901516909,0.3493690338274322,0.30187693054886006,0.3104167580604553,5347484800,0.3104167580604553
2003-10-01,0.31026667643499506,0.37468738415734937,0.30247688918285065,0.3429267108440399,7040191200,0.3429267108440399
2003-11-01,0.3420280766597882,0.34906866934489306,0.2973825995355731,0.3132633566856384,4974104800,0.3132633566856384
2003-12-01,0.3152105979740101,0.32809456085163297,0.2883939429686474,0.32015460729599,5453873600,0.32015460729599
2004-01-01,0.3228509735752802,0.3721401131097095,0.3173079415607672,0.33798253536224365,7927802400,0.33798253536224365
2004-02-01,0.336484198523045,0.361054100072687,0.32509859603101315,0.35835766792297363,4922030400,0.35835766792297363
2004-03-01,0.3610540374107051,0.42157940749458644,0.3535637660499848,0.40509963035583496,11626115200,0.40509963035583496
2004-04-01,0.40285293526885546,0.44315254555792377,0.3818788286649402,0.3862229883670807,8930174400,0.3862229883670807
2004-05-01,0.38951928751540704,0.4311679908277611,0.38202816511416765,0.420380562543869,5304275200,0.420380562543869
2004-06-01,0.4163358548692333,0.5122176665518511,0.4136394233988388,0.48749762773513794,8227234400,0.48749762773513794
2004-07-01,0.4809060453256749,0.5038282216114354,0.4305681887087465,0.48450183868408203,9696579200,0.48450183868408203
2004-08-01,0.4671235804240495,0.5270491236163658,0.4449505948769415,0.5167122483253479,8011365600,0.5167122483253479
2004-09-01,0.5138655022746629,0.5883235674004893,0.51221774945094,0.5805329084396362,7673506400,0.5805329084396362
2004-10-01,0.5860759420108836,0.7970157892929268,0.5640531330298951,0.7850303649902344,16094366400,0.7850303649902344
2004-11-01,0.7865288018835791,1.042262676281818,0.7796375537445174,1.0045093297958374,17439604000,1.0045093297958374
2004-12-01,1.0155965699449214,1.0179934658288519,0.9228608222146619,0.964809000492096,15948615200,0.964809000492096
2005-01-01,0.9705019500979223,1.166909344303001,0.9378419269128381,1.152077317237854,25708244800,1.152077317237854
2005-02-01,1.154325058761768,1.3615190112474371,1.1472835903627718,1.3441407680511475,21448946400,1.3441407680511475
2005-03-01,1.3480362007323141,1.3516311444898879,1.1634640172592308,1.248558521270752,14675920000,1.248558521270752
2005-04-01,1.2611425329547996,1.3318554369456193,1.0187422961171504,1.0804657936096191,19375518400,1.0804657936096191
2005-05-01,1.084959886793144,1.226685210742821,0.992074867352642,1.191328763961792,12858294400,1.191328763961792
2005-06-01,1.1952246150926658,1.2212920301623351,1.0642857655234559,1.1029385328292847,11327195600,1.1029385328292847
2005-07-01,1.1035374372173559,1.329758324318374,1.087357242623811,1.2779220342636108,10094246400,1.2779220342636108
2005-08-01,1.2755249620214788,1.4481116135133512,1.259045132774406,1.4049654006958008,9400806800,1.4049654006958008
2005-09-01,1.4082606068752357,1.634780867390761,1.380994253291474,1.6063165664672852,12347770400,1.6063165664672852
2005-10-01,1.6227962309361383,1.737254404142628,1.4343288579273212,1.7255693674087524,18643447200,1.7255693674087524
2005-11-01,1.7150828885401492,2.1294707871152156,1.7039959213954405,2.0320913791656494,13456427600,2.0320913791656494
2005-12-01,2.0659490936302114,2.261008103061889,2.0617541772861694,2.1540403366088867,13064164400,2.1540403366088867
2006-01-01,2.1687221413580806,2.5888032478533174,2.123477572342821,2.2625064849853516,21878371200,2.2625064849853516
2006-02-01,2.245728168643908,2.290971956679142,1.884673975040169,2.05216646194458,18760697200,2.05216646194458
2006-03-01,2.0626533173362307,2.097111369224565,1.7279670193321865,1.8792800903320312,23192632400,1.8792800903320312
2006-04-01,1.9077446463131538,2.158833929468653,1.8292409906218574,2.109095811843872,20119282400,2.109095811843872
2006-05-01,2.1204819693618213,2.211269759811537,1.7585285551966288,1.7908891439437866,15608779200,1.7908891439437866
2006-06-01,1.7932859706117041,1.8906653698052294,1.6602505778485872,1.7159812450408936,17936623600,1.7159812450408936
2006-07-01,1.723471966464209,2.056360307753683,1.5029444442132749,2.036285638809204,17479742000,2.036285638809204
2006-08-01,2.01411206923376,2.0974094955221014,1.8750840009859537,2.0329887866973877,17887646000,2.0329887866973877
2006-09-01,2.0518664280792365,2.3305225636941533,2.032091191402542,2.3065524101257324,17721558400,2.3065524101257324
2006-10-01,2.250221958775948,2.4749444577133755,2.1753141257557145,2.4294004440307617,14387956800,2.4294004440307617
2006-11-01,2.4299999149775395,2.7913533949124436,2.3308217068752652,2.746408462524414,13834884000,2.746408462524414
2006-12-01,2.7506039328749456,2.766484692031477,2.300260575510128,2.5420618057250977,16890792800,2.5420618057250977
2007-01-01,2.5855086726302536,2.9303826595401614,2.453970829624164,2.5687294006347656,27209781200,2.5687294006347656
2007-02-01,2.583709328405669,2.7209393934776385,2.482734118922556,2.5351693630218506,13722354800,2.5351693630218506
2007-03-01,2.5177907933313532,2.9013174135749837,2.5094011603899857,2.783862352371216,15918644000,2.783862352371216
2007-04-01,2.820717811614742,3.0712080985864305,2.6846856380226587,2.9903085231781006,13459740000,2.9903085231781006
2007-05-01,2.984016193952686,3.660580383653479,2.9528545531347064,3.6312167644500732,17365068000,3.6312167644500732
2007-06-01,3.6285198057680383,3.823579035566826,3.457731165919501,3.6566848754882812,23279541600,3.6566848754882812
2007-07-01,3.627022071705937,4.462091049498431,3.574586805571882,3.9479260444641113,24018573600,3.9479260444641113
2007-08-01,4.004255608690765,4.184333371083727,3.3444706081346354,4.149276256561279,24360798000,4.149276256561279
2007-09-01,4.193021607527986,4.644264252891641,3.895189412107423,4.5984206199646,20931223600,4.5984206199646
2007-10-01,4.6331790711571506,5.6965659572853875,4.582242001608501,5.69147253036499,23277791600,5.69147253036499
2007-11-01,5.651022854141649,5.773272720692975,4.513327840161831,5.4598588943481445,26199790400,5.4598588943481445
2007-12-01,5.449071269483652,6.081290259536094,5.303151315070569,5.9350714683532715,17252678800,5.9350714683532715
2008-01-01,5.970729701778626,6.000392962790075,3.7795344665476227,4.055793762207031,35173888400,4.055793762207031
2008-02-01,4.082161186615421,4.092648082362848,3.458930581038864,3.745976448059082,24865954400,3.745976448059082
2008-03-01,3.7285960440458883,4.366807782898832,3.535634298017302,4.2996907234191895,22927273600,4.2996907234191895
2008-04-01,4.3835875037877985,5.393340669859796,4.302987576711885,5.212064743041992,22786982400,5.212064743041992
2008-05-01,5.242326116536298,5.760087012032521,5.153636005784515,5.655516147613525,18588214400,5.655516147613525
2008-06-01,5.651022859766619,5.6914734450951014,4.918427771155671,5.017005920410156,19475794800,5.017005920410156
2008-07-01,4.920825248930684,5.420608124076855,4.39047980224459,4.76262092590332,19749760800,4.76262092590332
2008-08-01,4.7910841270011675,5.406824368905175,4.581642729703431,5.0796284675598145,13085755200,5.0796284675598145
2008-09-01,5.165622000008427,5.198581258007321,3.013978486065247,3.405595302581787,24067562400,3.405595302581787
2008-10-01,3.3534590781440703,3.487693389071489,2.5468546651572663,3.2237191200256348,41426711200,3.2237191200256348
2008-11-01,3.1739815800650706,3.349565042126354,2.3712729483945036,2.77667236328125,23619461600,2.77667236328125
2008-12-01,2.7356232769619115,3.1041686229593997,2.5333732822689914,2.5573432445526123,20213846800,2.5573432445526123
2009-01-01,2.5732229673793183,2.911505036672004,2.343106821871562,2.700566053390503,18105740800,2.700566053390503
2009-02-01,2.6697041278430933,3.0861894732045396,2.592099960606068,2.6759963035583496,13867450800,2.6759963035583496
2009-03-01,2.640340227743124,3.2953313568410896,2.466854245214022,3.1497116088867188,15424598000,3.1497116088867188
2009-04-01,3.1188496527474756,3.8112948531285324,3.1128569136533177,3.7702457904815674,11821681200,3.7702457904815674
2009-05-01,3.7693474208103344,4.071973619745874,3.576984448346375,4.069277286529541,9457142800,4.069277286529541
2009-06-01,4.089052306428433,4.386584201299519,3.9814846400132353,4.267631530761719,12675572000,4.267631530761719
2009-07-01,4.299692236185256,4.943896939160662,4.027627860014035,4.895656585693359,10942136800,4.895656585693359
2009-08-01,4.950189610704457,5.168320561434617,4.776703776011664,5.040079116821289,8165124800,5.040079116821289
2009-09-01,5.033485160216792,5.660011927757425,4.917228441203537,5.553643226623535,9989319200,5.553643226623535
2009-10-01,5.553643241205336,6.253579052169021,5.414314480107739,5.648026466369629,12956176800,5.648026466369629
2009-11-01,5.6869774482479905,6.232304156996912,5.560234251033948,5.989903926849365,8454784800,5.989903926849365
2009-12-01,6.059718790146415,6.410585253534244,5.653420291743333,6.3141045570373535,11393958800,6.3141045570373535
2010-01-01,6.395004220339543,6.459724593442383,5.700461857518746,5.754694938659668,15168994400,5.754694938659668
2010-02-01,5.763982817848732,6.147509234712396,5.718438810816006,6.1310296058654785,10776080000,6.1310296058654785
2010-03-01,6.164889680468804,7.115616620696687,6.155900971068023,7.04130744934082,12154172800,7.04130744934082
2010-04-01,7.1135180891923255,8.163721207643535,6.973890469330041,7.823042392730713,12367129600,7.823042392730713
2010-05-01,7.905439031800693,8.026489937336043,5.970128328402826,7.696896553039551,18082654800,7.696896553039551
2010-06-01,7.781092003938878,8.359976846176446,7.257038709713841,7.536593914031982,16651252800,7.536593914031982
2010-07-01,7.61959024410272,7.969858101053562,7.179134500735253,7.707981109619141,15669704400,7.707981109619141
2010-08-01,7.8035644662513,7.918621827563478,7.058084712265307,7.284006118774414,9589120800,7.284006118774414
2010-09-01,7.414944083863815,8.830995219666969,7.379288494159438,8.502002716064453,11849919200,8.502002716064453
2010-10-01,8.573916886630732,9.558201692630604,8.322826665043008,9.018268585205078,12234577600,9.018268585205078
2010-11-01,9.055417844550997,9.627112164729954,8.921783007050472,9.32298755645752,9508086000,9.32298755645752
2010-12-01,9.44643742505423,9.787716300379644,9.435051221280764,9.664868354797363,6973234800,9.664868354797363
2011-01-01,9.75715469595142,10.445105151179552,9.733184539353179,10.167048454284668,10841535600,10.167048454284668
2011-02-01,10.226376498520063,10.933502969243209,10.119108859976784,10.583235740661621,9295949600,10.583235740661621
2011-03-01,10.650952051967236,10.836722978270757,9.77573203958849,10.44240951538086,11306458800,10.44240951538086
2011-04-01,10.520312297438096,10.64076314837462,9.5929571595801,10.490948677062988,9253829200,10.490948677062988
2011-05-01,10.47926276782904,10.541885690877207,9.870414880922713,10.422033309936523,6912060400,10.422033309936523
2011-06-01,10.453193794225438,10.550872224103488,9.303513001862154,10.0576810836792,9263850400,10.0576810836792
2011-07-01,10.066071166659501,12.120036179785863,10.013635907538358,11.69995403289795,10653946800,11.69995403289795
2011-08-01,11.918682113226534,11.970218052645752,10.577537939516095,11.530661582946777,16142599200,11.530661582946777
2011-09-01,11.560328417091307,12.670158042628929,10.9808425750789,11.425494194030762,11977448000,11.425494194030762
2011-10-01,11.397030871800448,12.785217334812836,10.614097479926974,12.128427505493164,13141427600,12.128427505493164
2011-11-01,11.907599164727865,12.224907882437405,10.886159642014961,11.451861381530762,8963701600,11.451861381530762
2011-12-01,11.462048087370496,12.257566092623977,11.316427747414096,12.135017395019531,6306532400,12.135017395019531
2012-01-01,12.266856896951642,13.730248580088853,12.25487141875771,13.67751407623291,6859854400,13.67751407623291
2012-02-01,13.735340081321501,16.408040224736347,13.602603744754928,16.253129959106445,11368554400,16.253129959106445
2012-03-01,16.424819263425203,18.620508828764862,15.467501384478386,17.964319229125977,15584338000,17.964319229125977
2012-04-01,18.03263144695003,19.296170794552243,16.629463732544092,17.497791290283203,15598990400,17.497791290283203
2012-05-01,17.52535840639102,17.880718907364496,15.64607929931474,17.310523986816406,11106345600,17.310523986816406
2012-06-01,17.053749912383868,17.678179050409504,16.434715040731774,17.498401641845703,7855825600,17.498401641845703
2012-07-01,17.52027461030377,18.573174270839054,17.078919291424928,18.30021095275879,8909650400,18.30021095275879
2012-08-01,18.45451379099559,20.40091023884179,17.9852928186977,19.932588577270508,8276206400,19.932588577270508
2012-09-01,20.033821424975162,21.21672297155789,19.74012656850779,20.07414436340332,9199005200,20.07414436340332
2012-10-01,20.196313818404366,20.364527201123963,17.68486556366509,17.91416358947754,12142830000,17.91416358947754
2012-11-01,18.00142751615436,18.14526488443802,15.218852702731434,17.612041473388672,12929851200,17.612041473388672
2012-12-01,17.945502366391445,17.973917558614477,15.151729255672567,16.087017059326172,12132752800,16.087017059326172
2013-01-01,16.741476213775613,16.777146553099538,13.149655471932386,13.769049644470215,13123423600,13.769049644470215
2013-02-01,13.878479483306263,14.659297504604586,13.230065503720978,13.343122482299805,9344034000,13.343122482299805
2013-03-01,13.317504849232968,14.288954541803358,12.739805426997414,13.45919418334961,9176876800,13.45919418334961
2013-04-01,13.436087459182378,13.537945406391993,11.709067716605867,13.462843894958496,10963489600,13.462843894958496
2013-05-01,13.51392909357716,14.161257222687045,12.736770304596483,13.674165725708008,9447530400,13.674165725708008
2013-06-01,13.795280277591628,13.908524571649496,11.901960430940807,12.136406898498535,7018536000,12.136406898498535
2013-07-01,12.32494307898946,13.997588449562047,12.279950862509107,13.850371360778809,6538114800,13.850371360778809
2013-08-01,13.948926175885408,15.723797281635358,13.872714584914027,14.912113189697266,8058338400,14.912113189697266
2013-09-01,15.191727947120738,15.64831138215753,13.778229229574261,14.688008308410645,8630941200,14.688008308410645
2013-10-01,14.740385219524741,16.613549575964797,14.735148045122834,16.103666305541992,7837732000,16.103666305541992
2013-11-01,16.144322260640415,17.20136522241964,15.785710185284538,17.131738662719727,5225155600,17.131738662719727
2013-12-01,17.291581249416733,17.82272382304481,16.696601739509312,17.38516616821289,7057397200,17.38516616821289
2014-01-01,17.21968339098332,17.359751253801008,15.294367992485544,15.512836456298828,8765954400,15.512836456298828
2014-02-01,15.57512399794392,17.080543599207157,15.472552652556253,16.307382583618164,5880366800,16.307382583618164
2014-03-01,16.317082244964247,17.114513322714593,16.298066100551566,16.73232078552246,5001698800,16.73232078552246
2014-04-01,16.764117899263194,18.68661829761012,15.940190346307423,18.39545249938965,6435060800,18.39545249938965
2014-05-01,18.454995390348152,20.08134208179896,18.09119463094731,19.733129501342773,5735668400,19.733129501342773
2014-06-01,19.873443888392423,20.85746031158286,19.514193951081026,20.392253875732422,4827739200,20.392253875732422
2014-07-01,20.521718783674586,21.82078527803016,20.31325459508417,20.978147506713867,4140344000,20.978147506713867
2014-08-01,20.824537993525155,22.580031157587655,20.46905002510175,22.49225616455078,3748308000,22.49225616455078
2014-09-01,22.727635541223638,22.877594783122213,21.201580815282984,22.218215942382812,6105680000,22.218215942382812
2014-10-01,22.182930468829,23.825866541547803,20.989873801173584,23.817045211791992,5441120800,23.817045211791992
2014-11-01,23.865562078874134,26.408251956279265,23.755297978847917,26.227418899536133,3281632800,26.227418899536133
2014-12-01,26.31456238680868,26.41201606859184,23.53493403665176,24.44744873046875,4294378400,24.44744873046875
2015-01-01,24.67115512920937,26.57813656277163,23.173919629698027,25.949121475219727,5221053600,25.949121475219727
2015-02-01,26.146242510368737,29.590326714669647,25.70991783158289,28.45189666748047,4546140800,28.45189666748047
2015-03-01,28.739839785474402,28.968868798211165,27.04546718894332,27.668071746826172,4554568400,27.668071746826172
2015-04-01,27.75479585788032,29.916119672383278,27.3723388568177,27.828174591064453,3984542000,27.828174591064453
2015-05-01,28.039415095240074,29.567019068656347,27.430153093717752,28.968873977661133,3816608400,28.968873977661133
2015-06-01,29.089878532405123,29.33772765144544,27.794812797787802,28.006935119628906,3514426800,28.006935119628906
2015-07-01,28.33516370346469,29.69051778514096,26.62031686916078,27.084754943847656,4233122400,27.084754943847656
2015-08-01,27.129412139126973,27.368329527683567,20.542435529215485,25.177881240844727,6427276400,25.177881240844727
2015-09-01,24.706432919433432,26.218201442280193,24.080641094560516,24.74007797241211,4826189200,24.74007797241211
2015-10-01,24.46419566711394,27.189418143656585,24.069430500195875,26.803625106811523,4450048400,26.803625106811523
2015-11-01,27.09521103715949,27.77259054302207,24.8970889829869,26.534465789794922,3002562400,26.534465789794922
2015-12-01,26.74940851989387,26.99944523386124,23.611562045406348,23.710676193237305,3687660800,23.710676193237305
2016-01-01,23.11374156970138,23.84357757851238,20.811602736719696,21.9266300201416,5087392000,21.9266300201416
2016-02-01,21.73065533134675,22.275779675146953,20.856652556127063,21.78021240234375,3243450400,21.78021240234375
2016-03-01,22.115820743162942,25.00797591198804,22.06372946888968,24.68410873413086,2984198400,24.68410873413086
2016-04-01,24.63654879627497,25.45414354889079,20.951711779266073,21.230281829833984,3489534800,21.230281829833984
2016-05-01,21.282365377486457,22.81337350291946,20.26320348587642,22.616334915161133,3602686000,22.616334915161133
2016-06-01,22.5626363269734,23.21659341063161,20.849134456748395,21.783357620239258,3117990800,21.783357620239258
2016-07-01,21.758293571895436,23.822700913535343,21.50309215704546,23.745227813720703,2743118400,23.745227813720703
2016-08-01,23.790799253111935,25.116940805992506,23.697376070694936,24.175880432128906,2520514000,24.175880432128906
2016-09-01,24.316012860174283,26.616114544572202,23.488984202068725,25.899051666259766,3872062400,25.899051666259766
2016-10-01,25.821150941168803,27.19113204810105,25.72264057940071,26.01129913330078,2747657200,26.01129913330078
2016-11-01,25.99297703558162,26.06399553978251,23.84407825919093,25.319440841674805,2886220000,25.319440841674805
2016-12-01,25.414901441762826,27.17646559933243,24.926728391841277,26.669872283935547,2435086800,26.669872283935547
2017-01-01,26.665264747997345,28.19425729536696,26.425783754734322,27.943262100219727,2252488000,27.943262100219727
2017-02-01,29.251198387855354,31.657519231930916,29.246593760766892,31.544689178466797,2299874400,31.544689178466797
2017-03-01,31.88958750033083,33.418271188590175,31.69532296457269,33.22400665283203,2246513600,33.22400665283203
2017-04-01,33.23556637807663,33.64028587180985,32.39143503096584,33.22168731689453,1493216400,33.22168731689453
2017-05-01,33.55703210163435,36.228178172197794,33.36507898710969,35.32854461669922,2615927200,35.32854461669922
2017-06-01,35.56958229507254,36.222128097802845,33.022096717861395,33.44474411010742,2736712400,33.44474411010742
2017-07-01,33.64445708618823,35.76000798527909,33.07086620220119,34.53851318359375,1688047600,34.53851318359375
2017-08-01,34.62443322984845,38.205309656066405,34.46419887382625,38.08455276489258,2644276000,38.08455276489258
2017-09-01,38.4206263733256,38.45326511205479,34.774397235574895,35.93074417114258,2721496400,35.93074417114258
2017-10-01,35.963364514623585,39.55130810102916,35.54372481913831,39.409095764160156,2017165200,39.409095764160156
2017-11-01,39.602610921399034,41.08768215078856,38.532522946328875,40.0642204284668,2402653600,40.0642204284668
2017-12-01,39.763702357168896,41.46000625399845,38.94713904206994,39.59524154663086,2124735200,39.59524154663086
2018-01-01,39.81284009628466,42.13853191127907,38.53534615208207,39.17409133911133,2638717600,39.17409133911133
2018-02-01,39.11325925575696,42.260194850588256,35.1520987605784,41.675262451171875,3711577200,41.675262451171875
2018-03-01,41.94385089230386,43.10908999757176,38.74884691796342,39.416038513183594,2854910800,39.416038513183594
2018-04-01,39.14820913341318,42.03781003100984,37.73630009173028,38.82400894165039,2664617200,38.82400894165039
2018-05-01,39.094174938439494,44.72301982068752,38.82635849358728,43.90077590942383,2483905200,43.90077590942383
2018-06-01,44.33419435006043,45.79871352680814,42.622046498964906,43.65499496459961,2110498000,43.65499496459961
2018-07-01,43.35077530919298,46.2137845836195,43.25644005557016,44.876609802246094,1574765600,44.876609802246094
2018-08-01,46.96138291686246,53.97504753341358,46.53216552737648,53.6826171875,2801275600,53.6826171875
2018-09-01,54.05548064959043,54.35367077957973,50.952869673946296,53.42359924316406,2715888000,53.42359924316406
2018-10-01,53.94660111213098,55.25296422952696,48.77321769898999,51.79536437988281,3158994000,51.79536437988281
2018-11-01,51.84034769583524,52.623691324775166,40.29371007057169,42.26272201538086,3845305600,42.26272201538086
2018-12-01,43.80659491803513,43.920586990209934,34.81301287477113,37.46097946166992,3595690000,37.46097946166992
2019-01-01,36.78414759842906,40.13506984718842,33.72295809645417,39.52710723876953,3312349600,39.52710723876953
2019-02-01,39.65058824577704,41.76658170078544,39.40597480022592,41.12062072753906,1890162400,41.12062072753906
2019-03-01,41.566493352340494,47.14987508527019,40.42644407029149,45.30385208129883,2603925600,45.30385208129883
2019-04-01,45.706930444845,49.72333904304388,44.92940830620438,47.86062240600586,2024470800,47.86062240600586
2019-05-01,50.05724937582297,51.35232509126447,41.73584019182229,41.754920959472656,2957826400,41.754920959472656
2019-06-01,42.042603103381545,48.26040729453126,40.76648041696643,47.386512756347656,2060874800,47.386512756347656
2019-07-01,48.64349177882641,53.00098259885539,47.5038414576801,51.006591796875,1895406800,51.006591796875
2019-08-01,51.21249929800124,52.20131593286349,46.10801070595105,49.977081298828125,2724326400,49.977081298828125
2019-09-01,49.6117977138748,54.41604198076158,49.08066535467867,53.82722854614258,2170268400,53.82722854614258
2019-10-01,54.09159529838588,60.02299500666606,51.70269152698739,59.785064697265625,2433210800,59.785064697265625
2019-11-01,59.97249763220909,64.40903180999328,59.88117388675688,64.2287826538086,1793326000,64.2287826538086
2019-12-01,64.4264527557157,70.86259278543426,61.779686481884575,70.78545379638672,2388794800,70.78545379638672
2020-01-01,71.40977024953413,79.02948414776101,70.56849490175728,74.60855865478516,2934370400,74.60855865478516
2020-02-01,73.35268465806254,78.87764221562576,61.79897522839997,65.89447784423828,3019279200,65.89447784423828
2020-03-01,68.20616509606698,73.45428042677567,51.37208752095299,61.44305419921875,6280072400,61.44305419921875
2020-04-01,59.56078956654027,71.16608226501852,57.24117924861331,70.98969268798828,3265299200,70.98969268798828
2020-05-01,69.16542855581038,78.34479608556269,69.06877965006348,76.82255554199219,2805936000,76.82255554199219
2020-06-01,76.98448524506837,90.22024544912468,76.85365194889607,88.38375854492188,3243375600,88.38375854492188
2020-07-01,88.46127710744489,103.12891115542561,86.39220372747343,102.97869873046875,3020283200,102.97869873046875
2020-08-01,104.85879259846402,126.95473399107105,104.56079289765415,125.05525207519531,4070061100,125.05525207519531
2020-09-01,128.8923313341818,133.9602595862356,100.09641242637895,112.4361343383789,3885245100,112.4361343383789
2020-10-01,114.21281927676701,121.73704023891733,104.58181822292556,105.68860626220703,2894666500,105.68860626220703
2020-11-01,105.93132613655162,118.4360936377651,104.19347287189437,115.58174896240234,2123077300,115.58174896240234
2020-12-01,117.6873790642995,134.97917743864198,116.71483648941542,129.0466766357422,2322189600,129.0466766357422
2021-01-01,129.8538487557915,141.10615516453157,122.90989008369515,128.33668518066406,2240262000,128.33668518066406
2021-02-01,130.0775237481102,134.09412792174646,115.1392744459495,117.93047332763672,1833855600,117.93047332763672
2021-03-01,120.53194789401545,125.3727069095062,113.18802064172316,118.97355651855469,2650418200,118.97355651855469
2021-04-01,120.44433313024199,133.5056213440945,119.30475231214163,128.04150390625,1889857500,128.04150390625
2021-05-01,128.60637892533316,130.58360376538656,119.07096806307668,121.36959838867188,1711934900,121.36959838867188
2021-06-01,122.03428982127653,134.06405473109936,120.13176807282342,133.62501525878906,1606590000,133.62501525878906
2021-07-01,133.27379055824736,146.34749407395964,132.45423327713308,142.3083038330078,1919035100,142.3083038330078
2021-08-01,142.79611341223892,149.7525016442017,140.98140408595452,148.13291931152344,1461542800,148.13291931152344
2021-09-01,149.33195124880012,153.6605480057615,138.03654477642124,138.2612762451172,1797835100,138.2612762451172
2021-10-01,138.65217530448083,149.6642308032811,135.10526917796824,146.37136840820312,1565079200,146.37136840820312
2021-11-01,145.57988120354142,161.90740977091286,144.10443295741084,161.51657104492188,1691029000,161.51657104492188
2021-12-01,163.8855571470693,178.22114930057964,154.41331548645465,173.75901794433594,2444766700,173.75901794433594
2022-01-01,174.01338245079137,179.0137113119341,151.37979787946938,171.02883911132812,2108446000,171.02883911132812
2022-02-01,170.27535705332588,172.8586962458071,148.7377454694924,161.57615661621094,1627516300,161.57615661621094
2022-03-01,161.3704874417981,175.9790764114123,147.06564419398856,171.0801544189453,2180800100,171.0801544189453
2022-04-01,170.51190362842286,174.88174928900622,152.23892779521077,154.46302795410156,1687795600,154.46302795410156
2022-05-01,153.54207780093319,163.1145642343648,129.9292588767061,145.83116149902344,2401040300,145.83116149902344
2022-06-01,147.0854966995628,148.8909605464625,126.61715996937232,134.15296936035156,1749099800,134.15296936035156
2022-07-01,133.48570877205924,160.5576907977121,133.11285382651312,159.45870971679688,1447125400,159.45870971679688
2022-08-01,157.98686819845034,172.84259871023204,154.18953617331454,154.26803588867188,1510239600,154.26803588867188
2022-09-01,153.91245902327827,161.39976871940692,135.59703414181732,135.79354858398438,2084722800,135.79354858398438
2022-10-01,135.80335981096698,154.75745699447424,132.03021422664037,150.66989135742188,1868139700,150.66989135742188
2022-11-01,152.3795878832537,152.74314026144663,132.0400407661855,145.4523468017578,1724847700,145.4523468017578
2022-12-01,145.8708203102092,148.53804019198876,123.88340679681174,127.87931823730469,1675731200,127.87931823730469
2023-01-01,128.22378998547796,144.9062651874295,122.2102234947377,142.01266479492188,1443652500,142.01266479492188
2023-02-01,141.69774099711552,154.89609627649784,139.0895716173546,145.0834503173828,1307198900,145.0834503173828
2023-03-01,144.73324674336564,162.64377453412575,141.8450797743144,162.54519653320312,1520266600,162.54519653320312
2023-04-01,161.9241800614466,167.42449781718415,157.49829317374616,167.2569122314453,969776400,167.2569122314453
2023-05-01,166.86263865590547,176.78884379248618,161.96361027812986,174.7188262939453,1275364700,174.7188262939453
2023-06-01,175.4046899325577,191.96794560784363,174.64463161529676,191.46453857421875,1297383300,191.46453857421875
2023-07-01,191.2769955701742,195.66951312574326,184.18974489471378,193.91250610351562,996114000,193.91250610351562
2023-08-01,193.70521011919132,194.18887124153707,169.7388315338562,185.4433135986328,1322657800,185.4433135986328
2023-09-01,187.29499268089975,187.77930697031113,165.67831995645096,169.22674560546875,1337823000,169.22674560546875
2023-10-01,169.23657797858831,180.2277583743041,163.7508665105718,168.7917938232422,1172816900,168.7917938232422
2023-11-01,169.0191381125677,190.69509402412015,168.14932719544595,187.74961853027344,1099651600,187.74961853027344
2023-12-01,188.37308360181095,197.56755985417982,185.52269009923944,190.5504608154297,1063181200,190.5504608154297
2024-01-01,185.22576883102468,194.36087936812177,178.31753951103977,182.50404357910156,1187490800,182.50404357910156
2024-02-01,182.09827909654555,189.08568801802363,177.40700882401208,178.89158630371094,1161553500,178.89158630371094
2024-03-01,177.93066619695745,178.90182347742228,166.97041723962366,169.93344116210938,1433151800,169.93344116210938
2024-04-01,169.64606764688045,176.75140076826546,162.60019097586454,168.7938232421875,1246144100,168.7938232421875
2024-05-01,168.05058739487788,191.25936441210683,167.58482503868828,190.51612854003906,1336511300,190.51612854003906
2024-06-01,191.41954931138955,218.51003373707246,190.67530531695695,209.00355529785156,1717952100,209.00355529785156
2024-07-01,210.46227488767727,235.4093329930999,210.29358139915473,220.3756103515625,1153099800,220.3756103515625
2024-08-01,222.64803666243225,231.1324215372343,194.49577098330036,227.2425079345703,1122667000,227.2425079345703
2024-09-01,227.0584750913619,231.5688401699434,212.52394630153594,231.47943115234375,1232097700,231.47943115234375
2024-10-01,228.0221564639488,235.94014544763533,219.88560198777526,224.4357147216797,930736000,224.4357147216797
2024-11-01,219.52792511668753,236.25802166647827,218.27615348155118,235.78115844726562,891588300,235.78115844726562
2024-12-01,235.98091366930555,258.6868798435115,235.87151069350782,249.05946350097656,977916100,249.05946350097656
2025-01-01,247.57753144509664,247.74662117309023,218.18809165370698,234.71778869628906,1200176400,234.71778869628906
2025-02-01,228.74046754203567,248.6417475528458,224.4737666555316,240.5260772705078,862272300,240.5260772705078
2025-03-01,240.74073437115717,242.9710192563616,207.51554989891628,221.1660614013672,1115239500,221.1660614013672
2025-04-01,218.856125962743,224.21278416478458,168.47571518513428,211.57785034179688,1607318600,211.57785034179688
2025-05-01,208.17270600256592,213.6289214679078,192.41139794662365,199.97842407226562,1195728200,199.97842407226562
2025-06-01,199.67238244505168,206.7608124915243,194.47819724086568,204.54754638671875,1100409300,204.54754638671875
2025-07-01,206.0429984109135,215.57399264919403,205.51460755298555,206.94027709960938,1079935600,206.94027709960938
2025-08-01,210.2302410683973,234.4066695027768,200.88867338257592,231.4357147216797,1218079100,231.4357147216797
2025-09-01,228.8138771441885,257.1099504859849,225.5201519844923,254.14559936523438,1265536400,254.14559936523438
2025-10-01,254.55481333131326,276.79244258078194,243.53582217655114,269.85565185546875,1097142200,269.85565185546875
2025-11-01,269.9055636701716,279.8466071371758,264.8152598696411,278.31951904296875,877578200,278.31951904296875
2025-12-01,277.7501099775476,288.35017650299767,266.7004519424265,271.6058349609375,924528800,271.6058349609375
2026-01-01,272.0054776952216,277.5802476161829,243.19242822150838,259.2374267578125,1040017300,259.2374267578125
2026-02-01,259.7868997998856,280.6473842123641,255.2111797585323,263.9330139160156,988921000,263.9330139160156
2026-03-01,262.4100036621094,266.5299987792969,245.50999450683594,253.7899932861328,900035700,253.7899932861328
2026-04-01,254.0800018310547,256.17999267578125,250.64999389648438,255.9199981689453,98035384,255.9199981689453
